Title,Author,Format-Year
Real-World Spanish: The Conversation Learning System,Camila Vega Rivera,"Real-World Spanish: The Conversation Learning System, eAudiobook"
Learning Spanish-beginner I,"Iris Acevedo A.; Spanishonline, Costarica","Learning Spanish-beginner I, eBook"
A Beginner's Guide to Learning Spanish,"Miller, Jackson","A Beginner's Guide to Learning Spanish, eAudiobook"
100 Facts About Learning Spanish,Science-Based Language Learning Lab,"100 Facts About Learning Spanish, eAudiobook"
100 Facts About Learning Spanish,Science-Based Language Learning Lab,"100 Facts About Learning Spanish, eBook"
No Tears Spanish Grammar: Easy Learning: Essential Rules for Beginners,"Bennett, Olivia","No Tears Spanish Grammar: Easy Learning: Essential Rules for Beginners, eBook"
The Ultimate Learning Spanish Blueprint - 10 Essential Steps,"Ramirez, Andres","The Ultimate Learning Spanish Blueprint - 10 Essential Steps, eBook"
Learning Spanish for Adults Beginner,"World, Spain","Learning Spanish for Adults Beginner, eBook"
Learning to Read in English and Spanish Made Easy,"Navarijo, Susie G.","Learning to Read in English and Spanish Made Easy, eBook"
Learn Spanish Like a Native for Beginners - Level 1: Learning Spanish in Your Car Has Never Been Eas,Learn Like a Native,"Learn Spanish Like a Native for Beginners - Level 1: Learning Spanish in Your Car Has Never Been Eas, eBook"
Spanish for Beginners: A Comprehensive Guide for Learning the Spanish Language Fast,Language Equipped Travelers,"Spanish for Beginners: A Comprehensive Guide for Learning the Spanish Language Fast, eBook"
"Spanish: Beginner's Step by Step Course to Quickly Learning the Spanish Language, Spanish Grammar &","Michaels, Steven J.","Spanish: Beginner's Step by Step Course to Quickly Learning the Spanish Language, Spanish Grammar &, eBook"
Learn Spanish Like a Native for Beginners - Level 2: Learning Spanish in Your Car Has Never Been Eas,Learn Like a Native,"Learn Spanish Like a Native for Beginners - Level 2: Learning Spanish in Your Car Has Never Been Eas, eBook"
I'm Learning Spanish,"Gardner, James M.","I'm Learning Spanish, eAudiobook"
I am learning Spanish,"Gardner, James M.","I am learning Spanish, eAudiobook"
The Best Spanish Learning Games for Children,"Professor, Baby","The Best Spanish Learning Games for Children, eBook"
Spanish Easy Learning Complete Course,"Carmen García del Río; Fitzsimons, Ronan","Spanish Easy Learning Complete Course, eAudiobook"
Easy Learning Spanish Verbs,Various Authors,"Easy Learning Spanish Verbs, eBook"
Easy Learning Spanish Vocabulary,"Dictionaries, Collins","Easy Learning Spanish Vocabulary, eBook"
Learning the Local Language: Your Guide to Real World Spanish,"Romey, Jared","Learning the Local Language: Your Guide to Real World Spanish, eBook"
